key,table,discovery_year,ref_discovery_1,ref_discovery_2,ref_discovery_3,name,other_name_1,other_name_2,other_name_3,other_name_4,other_name_5,other_name_6
AGC749235,dwarf_local_field,,,,,AGC749235,PGC5059199,,,,,
antlia_1,dwarf_local_field,1997,Whiting1997AJ....114..996W,,,Antlia,,,,,,
antlia_b,dwarf_local_field,2015,Sand2015ApJ...812L..13S,,,Antlia B,,,,,,
aquarius_1,dwarf_local_field,1959,vandenBergh1959PDDO....2..147V,,,Aquarius,DDO 210,,,,,
cetus_1,dwarf_local_field,1999,Whiting1999AJ....118.2767W,,,Cetus,,,,,,
DDO_044,dwarf_local_field,,,,,DDO 44,,,,,,
ddo_099,dwarf_local_field,1959,vandenBergh1959PDDO....2..147V,,,DDO 99,UGC 6817,,,,,
ddo_113,dwarf_local_field,1959,vandenBergh1959PDDO....2..147V,,,DDO 113,UGCA 276,KDG 90,,,,
ddo_125,dwarf_local_field,1959,vandenBergh1959PDDO....2..147V,,,DDO 125,UGC 7577,,,,,
ddo_190,dwarf_local_field,1959,vandenBergh1959PDDO....2..147V,,,DDO 190,UGC 9240,,,,,
eso_006-001,dwarf_local_field,1982,Lauberts1982euse.book.....L,,,ESO 006-001,,,,,,
eso_294-g010,dwarf_local_field,1982,Lauberts1982euse.book.....L,,,ESO 294-G010,,,,,,
eso_410-g005,dwarf_local_field,1982,Lauberts1982euse.book.....L,,,ESO 410-G005,UKS 0013-324,,,,,
gr_8,dwarf_local_field,1956,Reaves1956AJ.....61...69R,,,GR 8,UGC 8091,VV 558,DDO 155,,,
hizss_3a,dwarf_local_field,2000,Henning2000AJ....119.2686H,Begum2005MNRAS.359L..53B,,HIZSS 3A,,,,,,
hizss_3b,dwarf_local_field,2000,Henning2000AJ....119.2686H,Begum2005MNRAS.359L..53B,,HIZSS 3B,,,,,,
ic_1613,dwarf_local_field,1906,Wolf1906MNRAS..67...91W,,,IC 1613,DDO 8,UGC 668,,,,
ic_3104,dwarf_local_field,1908,Pickering1908AnHar..60..147P,,,IC 3104,ESO 020-G004,UKS 1215-794,,,,
ic_4662,dwarf_local_field,1902,Lunt1902MNRAS..62..468L,,,IC 4662,ESO 102-G014,,,,,
ic_5152,dwarf_local_field,1899,Pickering1899ApJ.....9..173P,,,IC 5152,,,,,,
kk_258,dwarf_local_field,,,,,KK 258,ESO468-020,[KK98]258,PGC069468,,,
kkh_86,dwarf_local_field,2001,Karachentsev2001A&A...366..428K,,,KKH 86,,,,,,
kkh_98,dwarf_local_field,2001,Karachentsev2001A&A...366..428K,,,KKH 98,,,,,,
kkr_25,dwarf_local_field,1998,Karachentseva1998A&AS..127..409K,Karachentseva1999A&AS..135..221K,Karachentsev2001A&A...379..407K,KKR 25,,,,,,
kkr_3,dwarf_local_field,1998,Karachentseva1998A&AS..127..409K,Karachentseva1999A&AS..135..221K,,KKR 3,KK 230,[KK98]230,PGC166185,,,
kks_3,dwarf_local_field,1985,Corwin1985sgcc.book.....C,Karachentseva2000A&AS..146..359K,Whiting2002ApJS..141..123W,KKS 3,KKs3,[KK2000] 03,PGC009140,,,
leo_a,dwarf_local_field,1942,Zwicky1942PhRv...61..489Z,,,Leo A,Leo III,UGC 5364,DDO 69,PGC 28868,,
leo_p,dwarf_local_field,2013,Giovanelli2013AJ....146...15G,,,Leo P,,,,,,
leo_t,dwarf_local_field,2007,Irwin2007ApJ...656L..13I,,,Leo T,,,,,,
ngc_0055,dwarf_local_field,1828,Dunlop1828RSPT..118..113D,,,NGC 55,,,,,,
ngc_0300,dwarf_local_field,1828,Dunlop1828RSPT..118..113D,,,NGC 300,,,,,,
ngc_3109,dwarf_local_field,1847,Herschel1847raom.book.....H,,,NGC 3109,DDO 236,UGCA 194,,,,
ngc_4163,dwarf_local_field,1789,Herschel1789RSPT...79..212H,,,NGC 4163,UGC 7199,NGC 4167,,,,
ngc_4190,dwarf_local_field,,,,,NGC 4190,PGC039023,UGC07232,CGCG 187-024,,,
ngc_6822,dwarf_local_field,1884,Barnard1884AN....110..125B,,,NGC 6822,IC 4895,DDO 209,Barnard’s Galaxy,,,
pegasus_1,dwarf_local_field,1958,Holmberg1958_hand,,,Pegasus dIrr,UGC 12613,DDO 216,,,,
pegasus_w,dwarf_local_field,2023,McQuinn2023ApJ...944...14M,,,Pegasus W,,,,,,
phoenix_1,dwarf_local_field,1976,Schuster1976A&A....49..129S,Canterna1977ApJ...212L..57C,,Phoenix,,,,,,
sagittarius_dirr,dwarf_local_field,1977,Cesarsky1977A&A....61L..31C,Longmore1978MNRAS.183P..97L,,Sagittarius dIrr,UKS 1927-177,,,,,
sextans_a,dwarf_local_field,1942,Zwicky1942PhRv...61..489Z,,,Sextans A,UGCA 205,DDO 75,,,,
sextans_b,dwarf_local_field,1958,Holmberg1958_hand,,,Sextans B,UGC 5373,DDO 70,,,,
tucana_1,dwarf_local_field,1985,Lavery1992AJ....103...81L,Lavery1990IAUC.5139....2L,Corwin1985sgcc.book.....C,Tucana,,,,,,
tucana_b,dwarf_local_field,2022,Sand2022ApJ...935L..17S,,,Tucana B,,,,,,
ugc_4879,dwarf_local_field,1959,Kopylov2008MNRAS.387L..45K,VorontsovVelyaminov1959VV....C......0V,,UGC 4879,VV 124,,,,,
ugc_8508,dwarf_local_field,1962,VorontsovVelYaminov1962TrSht..32..207V,,,UGC 8508,,,,,,
ugc_9128,dwarf_local_field,1959,vandenBergh1959PDDO....2..147V,,,UGC 9128,DDO 187,CGCG 133-019,MCG +04-34-009,PGC050961,,
ugca_86,dwarf_local_field,1974,Nilson1974UppOR...5....0N,,,UGCA 86,VIIZw009,,,,,
uks_2323_326,dwarf_local_field,1978,Longmore1978MNRAS.183P..97L,,,UKS 2323-326,UGCA 438,ESO407-018,MCG -05-55-012,PGC071431,,
wlm,dwarf_local_field,1910,Wolf1909AN....183..187W,Melotte1926MNRAS..86..636M,,WLM,Wolf-Lundmark-Melotte,UGCA 444,DDO 221,LEDA 143,,
eso_274-001,dwarf_local_field,,,,,ESO 274-001,PGC054392,RFGC2937,HIPASS J1514-46,,,
ddo_147,dwarf_local_field,,,,,DDO 147,UGC07949,PGC043129,KDG200,MCG +06-28-030,,
kks_53,dwarf_local_field,,,,,KKS53,PGC2815820,[KK2000] 53,Cen7,,,
NGC_4214,dwarf_local_field,,,,,NGC 4214,NGC4228,PGC039225,UGC07278,CGCG 187-032,MCG +06-27-042,
leo_m,dwarf_local_field,2023,McQuinn2023arXiv230708738M,,,Leo M,,,,,,
leo_k,dwarf_local_field,2023,McQuinn2023arXiv230708738M,,,Leo K,,,,,,
andromeda_01,dwarf_m31,1972,vandenBergh1972ApJ...171L..31V,,,Andromeda I,,,,,,
andromeda_02,dwarf_m31,1972,vandenBergh1972ApJ...171L..31V,,,Andromeda II,,,,,,
andromeda_03,dwarf_m31,1972,vandenBergh1972ApJ...171L..31V,,,Andromeda II,,,,,,
andromeda_05,dwarf_m31,1998,Armandroff1998AJ....116.2287A,,,Andromeda V,,,,,,
andromeda_06,dwarf_m31,1999,Karachentsev1999A&A...341..355K,,,Andromeda VI,Pegasus dSph,,,,,
andromeda_07,dwarf_m31,1999,Karachentsev1999A&A...341..355K,,,Andromeda VII,Casseopia dSph,Cassiopeia,,,,
andromeda_09,dwarf_m31,2004,Zucker2004ApJ...612L.121Z,,,Andromeda IX,,,,,,
andromeda_10,dwarf_m31,2006,Zucker2007ApJ...659L..21Z,,,Andromeda X,,,,,,
andromeda_11,dwarf_m31,2006,Martin2006MNRAS.371.1983M,,,Andromeda XI,,,,,,
andromeda_12,dwarf_m31,2006,Martin2006MNRAS.371.1983M,,,Andromeda XII,,,,,,
andromeda_13,dwarf_m31,2006,Martin2006MNRAS.371.1983M,,,Andromeda XIII,Pisces III,,,,,
andromeda_14,dwarf_m31,2007,Majewski2007ApJ...670L...9M,,,Andromeda XIV,,,,,,
andromeda_15,dwarf_m31,2007,Ibata2007ApJ...671.1591I,,,Andromeda XV,,,,,,
andromeda_16,dwarf_m31,2007,Ibata2007ApJ...671.1591I,,,Andromeda XVI,Pisces V,,,,,
andromeda_17,dwarf_m31,2008,Irwin2008ApJ...676L..17I,,,Andromeda XVII,,,,,,
andromeda_18,dwarf_m31,2008,McConnachie2008ApJ...688.1009M,,,Andromeda XVIII,,,,,,
andromeda_19,dwarf_m31,2008,McConnachie2008ApJ...688.1009M,,,Andromeda XIX,,,,,,
andromeda_20,dwarf_m31,2008,McConnachie2008ApJ...688.1009M,,,Andromeda XX,,,,,,
andromeda_21,dwarf_m31,2009,Martin2009ApJ...705..758M,,,Andromeda XXI,,,,,,
andromeda_22,dwarf_m31,2009,Martin2009ApJ...705..758M,,,Andromeda XXII,Triangulum I,,,,,
andromeda_23,dwarf_m31,2011,Richardson2011ApJ...732...76R,,,Andromeda XXIII,,,,,,
andromeda_24,dwarf_m31,2011,Richardson2011ApJ...732...76R,,,Andromeda XXIV,,,,,,
andromeda_25,dwarf_m31,2011,Richardson2011ApJ...732...76R,,,Andromeda XXV,,,,,,
andromeda_26,dwarf_m31,2011,Richardson2011ApJ...732...76R,,,Andromeda XXVI,,,,,,
andromeda_27,dwarf_m31,2011,Richardson2011ApJ...732...76R,,,Andromeda XXVII,,,,,,
andromeda_28,dwarf_m31,2011,Slater2011ApJ...742L..14S,,,Andromeda XXVIII,,,,,,
andromeda_29,dwarf_m31,2011,Bell2011ApJ...742L..15B,,,Andromeda XXIX,,,,,,
cassiopeia_2,dwarf_m31,2012,,,,Cassiopeia II,Andromeda XXX,,,,,
cassiopeia_3,dwarf_m31,2013,Martin2013ApJ...772...15M,,,Cassiopeia III,Andromeda XXXII,,,,,
ic_10,dwarf_m31,1888,Swift1888AN....120...33S,,,IC 10,UGC 192,2MASX J00201733+5918136,MCG +10-01-001,PGC001305,,
lacerta_1,dwarf_m31,2013,Martin2013ApJ...772...15M,,,Lacerta I,Andromeda XXXI,,,,,
lgs_3,dwarf_m31,1976,Karachentseva1976SoSAO..18...42K,Kowal1978IAUC.3305....2K,,LGS 3,Local Group Suspect 3,Pisces ,Pisces I,,,
m_32,dwarf_m31,,,,,M32,UGC 452,NGC 221,PGC002555,,,
ngc_147,dwarf_m31,1833,Herschel1833RSPT..123..359H,,,NGC 147,UGC 326,DDO 3,PGC 2004,LEDA 2004,Caldwell 17,
ngc_185,dwarf_m31,1789,Herschel1789RSPT...79..212H,,,NGC 185,UGC 396,,,,,
ngc_205,dwarf_m31,1798,,,,NGC 205,M110,UGC 426,,,,
pegasus_5,dwarf_m31,2022,Collins2022MNRAS.515L..72C,,,Pegasus V,Andromeda XXXIV,,,,,
perseus_1,dwarf_m31,2013,Martin2013ApJ...779L..10M,,,Perseus I,Andromeda XXXIII,,,,,
pisces_7,dwarf_m31,2022,MartinezDelgado2022MNRAS.509...16M,,,Pisces VII,Triangulum III,,,,,
antlia_2,dwarf_mw,2019,Torrealba2019MNRAS.488.2743T,,,Antlia II,,,,,,
aquarius_2,dwarf_mw,2016,Torrealba2016MNRAS.463..712T,,,Aquarius II,,,,,,
bootes_1,dwarf_mw,2006,Belokurov2006ApJ...647L.111B,,,Bootes I,,,,,,
bootes_2,dwarf_mw,2007,Walsh2007ApJ...662L..83W,,,Bootes II,,,,,,
bootes_3,dwarf_mw,2008,Grillmair2009ApJ...693.1118G,,,Bootes III,,,,,,
bootes_4,dwarf_mw,2019,Homma2019PASJ...71...94H,,,Bootes IV,HSC J1534+4343,,,,,
bootes_5,dwarf_mw,2022,Smith2022arXiv220908242S,Cerny2023ApJ...953....1C,,Bootes V,DELVE J1415+3254,,,,,
canes_venatici_1,dwarf_mw,2006,Zucker2006ApJ...643L.103Z,,,Canes Venatici I,,,,,,
canes_venatici_2,dwarf_mw,2006,Belokurov2007ApJ...654..897B,Sakamoto2006ApJ...653L..29S,,Canes Venatici II,SDSS J1257+3419,,,,,
carina_1,dwarf_mw,1977,Cannon1977MNRAS.180P..81C,,,Carina,ESO 206-G220,,,,,
carina_2,dwarf_mw,2018,Torrealba2018MNRAS.475.5085T,,,Carina II,,,,,,
carina_3,dwarf_mw,2018,Torrealba2018MNRAS.475.5085T,,,Carina III,,,,,,
centaurus_1,dwarf_mw,2020,Mau2020ApJ...890..136M,,,Centaurus I,,,,,,
cetus_2,dwarf_mw,2015,DrlicaWagner2015ApJ...813..109D,,,Cetus II,DES J0117-1725,,,,,
cetus_3,dwarf_mw,2018,Homma2018PASJ...70S..18H,,,Cetus III,HSC J0209 − 0416,,,,,
columba_1,dwarf_mw,2015,DrlicaWagner2015ApJ...813..109D,,,Columba,DES J0531-2801,,,,,
coma_berenices_1,dwarf_mw,2006,Belokurov2007ApJ...654..897B,,,Coma Berenices,,,,,,
crater_2,dwarf_mw,2016,Torrealba2016MNRAS.459.2370T,,,Crater II,,,,,,
draco_1,dwarf_mw,1955,Wilson1955PASP...67...27W,,,Draco,UGC 10822,DDO 208,,,,
eridanus_2,dwarf_mw,2015,Bechtol2015ApJ...807...50B,Koposov2015ApJ...805..130K,,Eridanus II,DES J0344.3-4331,,,,,
eridanus_4,dwarf_mw,2001,Cerny2021ApJ...920L..44C,,,Eridanus IV,,,,,,
fornax_1,dwarf_mw,1938,Shapley1938Natur.142..715S,,,Fornax ,ESO 356-G04,PGC 10074,PGC 10093,,,
grus_1,dwarf_mw,2015,Koposov2015ApJ...805..130K,,,Grus I,,,,,,
grus_2,dwarf_mw,2015,DrlicaWagner2015ApJ...813..109D,,,Grus II,DES J2204-4626,,,,,
hercules_1,dwarf_mw,2006,Belokurov2007ApJ...654..897B,,,Hercules ,,,,,,
horologium_1,dwarf_mw,2015,Bechtol2015ApJ...807...50B,Koposov2015ApJ...805..130K,,Horologium I,DES J0255.4-5406,,,,,
horologium_2,dwarf_mw,2015,Kim2015ApJ...808L..39K,,,Horologium II,,,,,,
hydra_2,dwarf_mw,2015,Martin2015ApJ...804L...5M,,,Hydra II,,,,,,
hydrus_1,dwarf_mw,2018,Koposov2018MNRAS.479.5343K,,,Hydrus I,,,,,,
leo_1,dwarf_mw,1950,Harrington1950PASP...62..118H,,,Leo I,UGC 5470,DDO 74,Regulus Dwarf,,,
leo_2,dwarf_mw,1950,Harrington1950PASP...62..118H,,,Leo II,Leo B,UGC 6253,DDO 93,,,
leo_4,dwarf_mw,2006,Belokurov2007ApJ...654..897B,,,Leo IV,,,,,,
leo_5,dwarf_mw,2008,Belokurov2008ApJ...686L..83B,,,Leo V,,,,,,
leo_minor_1,dwarf_mw,2022,Cerny2023ApJ...953....1C,,,Leo Minor I,DELVE J1057+2852,,,,,
lmc,dwarf_mw,0,,,,Large Magellanic Cloud,Nubecula Major,LMC,,,,
pegasus_3,dwarf_mw,2015,Kim2015ApJ...804L..44K,,,Pegasus III,,,,,,
pegasus_4,dwarf_mw,2022,Cerny2023ApJ...942..111C,,,Pegasus IV,,,,,,
phoenix_2,dwarf_mw,2015,Bechtol2015ApJ...807...50B,Koposov2015ApJ...805..130K,,Phoenix II,DES J2339.9-5424,,,,,
pictor_1,dwarf_mw,2015,Bechtol2015ApJ...807...50B,Koposov2015ApJ...805..130K,,Pictor I,DES J0443.8-5017,,,,,
pictor_2,dwarf_mw,2016,DrlicaWagner2016ApJ...833L...5D,,,Pictor II,,,,,,
pisces_2,dwarf_mw,2010,Belokurov2010ApJ...712L.103B,,,Pisces II,,,,,,
reticulum_2,dwarf_mw,2015,Bechtol2015ApJ...807...50B,Koposov2015ApJ...805..130K,,Reticulum II,DES J0335.6-5403,,,,,
reticulum_3,dwarf_mw,2015,DrlicaWagner2015ApJ...813..109D,,,Reticulum III,DES J0345-6026,,,,,
sagittarius_1,dwarf_mw,1994,Ibata1994Natur.370..194I,,,Sagittarius,,,,,,
sculptor_1,dwarf_mw,1938,Shapley1938BHarO.908....1S,,,Sculptor,ESO 351-G30,,,,,
segue_1,dwarf_mw,2006,Belokurov2007ApJ...654..897B,,,Segue 1,,,,,,
segue_2,dwarf_mw,2009,Belokurov2009MNRAS.397.1748B,,,Segue 2,,,,,,
sextans_1,dwarf_mw,1990,Irwin1990MNRAS.244P..16I,,,Sextans,,,,,,
smc,dwarf_mw,0,,,,Small Magellanic Cloud,Nubecula Minor,NGC 292,SMC,,,
triangulum_2,dwarf_mw,2015,Laevens2015ApJ...802L..18L,,,Triangulum II,Laevens 2,,,,,
tucana_2,dwarf_mw,2015,Bechtol2015ApJ...807...50B,Koposov2015ApJ...805..130K,,Tucana II,DES J2251.2-5836,,,,,
tucana_3,dwarf_mw,2015,DrlicaWagner2015ApJ...813..109D,,,Tucana III,DES J2356-5935,,,,,
tucana_4,dwarf_mw,2015,DrlicaWagner2015ApJ...813..109D,,,Tucana IV,DES J0002-6051,,,,,
tucana_5,dwarf_mw,2015,DrlicaWagner2015ApJ...813..109D,,,Tucana V,DES J2337-6316,,,,,
ursa_major_1,dwarf_mw,2005,Willman2005ApJ...626L..85W,,,Ursa Major I,,,,,,
ursa_major_2,dwarf_mw,2006,Zucker2006ApJ...650L..41Z,,,Ursa Major II,,,,,,
ursa_minor_1,dwarf_mw,1955,Wilson1955PASP...67...27W,,,Ursa Minor,UGC 9749,DDO 199,PGC 54074,,,
virgo_1,dwarf_mw,2016,Homma2016ApJ...832...21H,,,Virgo I,HSC J1200-0040,,,,,
virgo_2,dwarf_mw,2022,Cerny2023ApJ...953....1C,,,Virgo II,DELVE J1500+0554,,,,,
willman_1,dwarf_mw,2004,Willman2005AJ....129.2692W,,,Willman 1,SDSS J1049+5103,,,,,
canes_major,false_positive,2004,Martin2004MNRAS.348...12M,,,Canes Major,,,,,,
indus_2,false_positive,2015,DrlicaWagner2015ApJ...813..109D,,,Indus II,DES J2038-4609,,,,,
bh_140,gc_disk,,,CantatGaudin2018A&A...618A..93C,,BH 140,,,,,,
eso_93_sc08,gc_disk,1977,Holmberg1977A&AS...27..295H,,,ESO 93-SC08,ESO 93-SC08,,,,,
ferrero_54,gc_disk,,,,,Ferrero 54,,,,,,
fsr_1716,gc_disk,2006,Froebrich2007MNRAS.374..399F,,,FSR 1716,VVV-GC05,,,,,
fsr_1758,gc_disk,2006,Froebrich2007MNRAS.374..399F,CantatGaudin2018A&A...618A..93C,,FSR 1758,,,,,,
fsr_1776,gc_disk,2006,Froebrich2007MNRAS.374..399F,,,FSR 1776,Minni 83,,,,,
fsr_19,gc_disk,2006,Froebrich2007MNRAS.374..399F,,,FSR 19,,,,,,
fsr_25,gc_disk,2006,Froebrich2007MNRAS.374..399F,,,FSR 25,,,,,,
garro_1,gc_disk,2020,Garro2020A&A...642L..19G,,,Garro 1,Garro 01,VVVX-GC-140900-653712,,,,
garro_2,gc_disk,2022,Garro2022A&A...662A..95G,,,Garro 2,,,,,,
gran_1,gc_disk,,,,Gran2019A&A...628A..45G,ESO 456-29,MWSC2761,Gran 1,,,,
gran_2,gc_disk,2021,Gran2022MNRAS.509.4962G,,,Gran 2,,,,,,
gran_3,gc_disk,2021,Gran2022MNRAS.509.4962G,,,Gran 3,Patchick 125,,,,,
gran_4,gc_disk,2021,Gran2022MNRAS.509.4962G,,,Gran 4,,,,,,
gran_5,gc_disk,2021,Gran2022MNRAS.509.4962G,,,Gran 5,,,,,,
mercer_5,gc_disk,2005,Mercer2005ApJ...635..560M,Longmore2011MNRAS.416..465L,,Mercer 5,[MCM2005b],,,,,
minni_48,gc_disk,2017,Minniti2017RNAAS...1...54M,Minniti2021A&A...652A.129M,,Minni 48,,,,,,
patchick_122,gc_disk,,,,,Patchick 122,,,,,,
patchick_126,gc_disk,,,,,Patchick 126,,,,,,
patchick_99,gc_disk,,Bica2019AJ....157...12B,,,Patchick 99,,,,,,
pfleiderer_2,gc_disk,1977,Pfleiderer1977stcl.symp...39P,Ortolani2009AJ....138..889O,,Pfleiderer 2,PWM2,,,,,
ryu_059,gc_disk,2018,Ryu2018ApJ...856..152R,Ryu2018ApJ...863L..38R,,Ryu 059,RLGC 1,,,,,
ryu_879,gc_disk,2018,Ryu2018ApJ...856..152R,Ryu2018ApJ...863L..38R,,Ryu 879,RLGC 2,,,,,
vvv_cl001,gc_disk,2010,Minniti2011A&A...527A..81M,,,VVV CL0001,,,,,,
vvv_cl002,gc_disk,2011,MoniBidin2011A&A...535A..33M,,,VVV CL0002,,,,,,
vvv_cl160,gc_disk,2014,Borissova2014A&A...569A..24B,Minniti2021A&A...650L..11M,,VVV CL160,RCR-01,,,,,
andromeda_1_gc1,gc_dwarf,2000,Grebel2000AGM....17..P61G,Caldwell2017PASA...34...39C,,And I GC,,,,,,
aquarius_1_gc1,gc_dwarf,1993,Greggio1993AJ....105..894G,,,Aquarius GC 1,,,,,,
CenA-MM-Dw1_gc1,gc_dwarf,,Crnojevic2019ApJ...872...80C,,,CenA-MM-Dw1 GC1,,,,,,
CenA-MM-Dw1_gc2,gc_dwarf,2018,Crnojevic2019ApJ...872...80C,,,CenA-MM-Dw1 GC2,,,,,,
CenA-MM-Dw1_gc3,gc_dwarf,2018,Crnojevic2019ApJ...872...80C,,,CenA-MM-Dw1 GC3,,,,,,
CenA-MM-Dw1_NSC,gc_dwarf,2018,Crnojevic2019ApJ...872...80C,,,CenA-MM-Dw1 NSC,,,,,,
ddo_216_a1,gc_dwarf,1982,Hoessel1982ApJ...254...38H,Cole2017ApJ...837...54C,,DDO 216-A1,,,,,,
eridanus_2_gc1,gc_dwarf,2015,Koposov2015ApJ...805..130K,Crnojevic2016ApJ...824L..14C,,Eri II GC,,,,,,
eso_006-001_gc1,gc_dwarf,2023,Makarova2023ApJ...943..139M,,,ESO 006-001 GC,,,,,,
eso_269-66_gc1,gc_dwarf,,,,,,,,,,,
fornax_1_gc1,gc_dwarf,1961,Hodge1961AJ.....66...83H,,,Fornax 1,,,,,,
fornax_1_gc2,gc_dwarf,1938,Shapley1938BHarO.908....1S,,,Fornax 2,,,,,,
fornax_1_gc3,gc_dwarf,1938,Shapley1938BHarO.908....1S,,,Fornax 3,NGC 1049,Hodge 3,,,,
fornax_1_gc4,gc_dwarf,1938,Shapley1938BHarO.908....1S,,,Fornax 4,,,,,,
fornax_1_gc5,gc_dwarf,1961,Hodge1961AJ.....66...83H,,,Fornax 5,,,,,,
fornax_1_gc6,gc_dwarf,1938,Shapley1938BHarO.908....1S,Wang2019ApJ...875L..13W,,Fornax 6,,,,,,
gep_1,gc_dwarf,2016,Cusano2016ApJ...829...26C,,,Gep 1,,,,,,
H21-360500,gc_dwarf,2018,Crnojevic2019ApJ...872...80C,,,H21-360500,,,,,,
hubble_6,gc_dwarf,1925,Hubble1925ApJ....62..409H,,,NGC 6822 Hubble VI,NGC 6822-clH VI,,,,,
hubble_7,gc_dwarf,1925,Hubble1925ApJ....62..409H,,,NGC 6822 Hubble VII,NGC 6822-clH VII,,,,,
hubble_8,gc_dwarf,1925,Hubble1925ApJ....62..409H,,,NGC 6822 Hubble VIII,NGC 6822-clH VIII,,,,,
IKN_GC1,gc_dwarf,,,,,IKN-01,,,,,,
IKN_GC2,gc_dwarf,,,,,IKN-02,,,,,,
IKN_GC3,gc_dwarf,,,,,IKN-03,,,,,,
IKN_GC4,gc_dwarf,,,,,IKN-04,,,,,,
IKN_GC5,gc_dwarf,,,,,IKN-05,,,,,,
KK197-01,gc_dwarf,,,,,,,,,,,
KK197-03,gc_dwarf,,,,,,,,,,,
KK197-NSC,gc_dwarf,,,,,,,,,,,
kkh_22_gc1,gc_dwarf,2020,Karachentsev2020A&A...638A.111K,,,,,,,,,
kks_3_gc1,gc_dwarf,2015,Karachentsev2015MNRAS.447L..85K,,,KKs 3 GC1,,,,,,
KKs_55_GC1,gc_dwarf,,,,,,,,,,,
kks_58_gc1,gc_dwarf,,,,,,,,,,,
KKs55-GC2,gc_dwarf,,,,,,,,,,,
KKs58-NSC,gc_dwarf,,,,,,,,,,,
NGC_247-SC1,gc_dwarf,2022,Romanowsky2023MNRAS.518.3164R,,,NGC 247-SC1,,,,,,
ngc_6822_sc1,gc_dwarf,2011,Hwang2011ApJ...738...58H,,,NGC 6822 SC1,NGC 6822 C1,,,,,
ngc_6822_sc2,gc_dwarf,2011,Hwang2011ApJ...738...58H,,,NGC 6822 SC2,NGC 6822 C2,,,,,
ngc_6822_sc3,gc_dwarf,2011,Hwang2011ApJ...738...58H,,,NGC 6822 SC3,NGC 6822 C3,,,,,
ngc_6822_sc4,gc_dwarf,2011,Hwang2011ApJ...738...58H,,,NGC 6822 SC4,NGC 6822 C4,,,,,
ngc_6822_sc5,gc_dwarf,2012,Huxor2013MNRAS.429.1039H,,,NGC 6822 SC5,,,,,,
ngc_6822_sc6,gc_dwarf,2012,Huxor2013MNRAS.429.1039H,,,NGC 6822 SC6,,,,,,
ngc_6822_sc7,gc_dwarf,2012,Huxor2013MNRAS.429.1039H,,,NGC 6822 SC7,,,,,,
scl-dE1_GC1,gc_dwarf,2009,DaCosta2009AJ....137.4361D,,,Scl-dE1 GC1,,,,,,
sextans_a_gc1,gc_dwarf,2002,Pedreros2002IAUS..207..177P,Beasley2019MNRAS.487.1986B,,Sextans A-GC1,,,,,,
sextans_b_gc1,gc_dwarf,2007,Sharina2007AstBu..62..209S,,,Sextans B-GC1,,,,,,
ursa_major_2_gc1,gc_dwarf,2006,Zucker2006ApJ...650L..41Z,Eadie2022ApJ...926..162E,,UMa II GC,,,,,,
wlm_gc1,gc_dwarf,1956,Humason1956AJ.....61...97H,,,WLM GC,,,,,,
2ms_gc01,gc_harris,,,,,2MASS GC-01,,,,,,
2ms_gc02,gc_harris,,,,,2MASS GC-02,,,,,,
am_1,gc_harris,,,,,AM 1,,,,,,
am_4,gc_harris,,,,,AM 4,,,,,,
arp_2,gc_harris,,,,,ARP 2,,,,,,
bh_176,gc_harris,,,,,BH 176,,,,,,
bh_261,gc_harris,,,,,BH 261,AL 3,ESO 456-78,MWSC 2847,,,
djorgovski_1,gc_harris,,,,,Djorgobski 1,Djorg 1,,,,,
djorgovski_2,gc_harris,,,,,Djorgobski 2,ESO456,Djorg 2,ESO 456-38,MWSC 2779,,
e_3,gc_harris,,,,,E 3,,,,,,
eridanus_1,gc_harris,1977,Cesarsky1977A&A....61L..31C,,,Eridanus,,,,,,
eso_280_sc06,gc_harris,,,,,ESO280 SC06,,,,,,
eso_452_sc11,gc_harris,1981,Lauberts1981A&AS...43..307L,,,ESO 452-SC11,,,,,,
fsr_1735,gc_harris,2006,Froebrich2007MNRAS.374..399F,,,FSR 1735,2MASS GC-03,,,,,
glimpse_01,gc_harris,,,,,Glimpse 1,,,,,,
glimpse_02,gc_harris,,,,,Glimpse 2,,,,,,
hp_1,gc_harris,,,,,HP 1,BH 229,ESO 455-11,,,,
ic_1257,gc_harris,,,,,IC 1257,,,,,,
ic_1276,gc_harris,,,,,IC 1276,Palomar 7,,,,,
ic_4499,gc_harris,,,,,IC 4499,,,,,,
liller_1,gc_harris,,,,,Liller 1,,,,,,
lynga_7,gc_harris,,,,,Lynga 7,BH 184,,,,,
ngc_104,gc_harris,,,,,NGC 104,,,,,,
ngc_1261,gc_harris,,,,,NGC 1261,,,,,,
ngc_1851,gc_harris,,,,,NGC 1851,,,,,,
ngc_1904,gc_harris,,,,,NGC 1904,M 79,,,,,
ngc_2298,gc_harris,,,,,NGC 2298,,,,,,
ngc_2419,gc_harris,,,,,NGC 2419,,,,,,
ngc_2808,gc_harris,,,,,NGC 2808,,,,,,
ngc_288,gc_harris,,,,,NGC 288,,,,,,
ngc_3201,gc_harris,,,,,NGC 3201,,,,,,
ngc_362,gc_harris,,,,,NGC 362,,,,,,
ngc_4147,gc_harris,,,,,NGC 4147,,,,,,
ngc_4372,gc_harris,,,,,NGC 4372,,,,,,
ngc_4590,gc_harris,,,,,NGC 4590,M 68,,,,,
ngc_4833,gc_harris,,,,,NGC 4833,,,,,,
ngc_5024,gc_harris,,,,,NGC 5024,M 53,,,,,
ngc_5053,gc_harris,,,,,NGC 5053,,,,,,
ngc_5139,gc_harris,,,,,NGC 5139,omega Cen,Caldwell 80,,,,
ngc_5272,gc_harris,,,,,NGC 5272,M 3,,,,,
ngc_5286,gc_harris,,,,,NGC 5286,,,,,,
ngc_5466,gc_harris,,,,,NGC 5466,,,,,,
ngc_5634,gc_harris,,,,,NGC 5634,,,,,,
ngc_5694,gc_harris,,,,,NGC 5694,,,,,,
ngc_5824,gc_harris,,,,,NGC 5897,,,,,,
ngc_5897,gc_harris,,,,,NGC 5897,,,,,,
ngc_5904,gc_harris,,,,,NGC 5904,M 5,,,,,
ngc_5927,gc_harris,,,,,NGC 5927,,,,,,
ngc_5946,gc_harris,,,,,NGC 5946,,,,,,
ngc_5986,gc_harris,,,,,NGC 5986,,,,,,
ngc_6093,gc_harris,,,,,NGC 6093,M 80,,,,,
ngc_6101,gc_harris,,,,,NGC 6101,,,,,,
ngc_6121,gc_harris,,,,,NGC 6121,M 4,,,,,
ngc_6139,gc_harris,,,,,NGC 6139,,,,,,
ngc_6144,gc_harris,,,,,NGC 6144,,,,,,
ngc_6171,gc_harris,,,,,NGC 6171,M 107,,,,,
ngc_6205,gc_harris,,,,,NGC 6205,M 13,,,,,
ngc_6218,gc_harris,,,,,NGC 6218,M 12,,,,,
ngc_6229,gc_harris,,,,,NGC 6229,,,,,,
ngc_6235,gc_harris,,,,,NGC 6235,,,,,,
ngc_6254,gc_harris,,,,,NGC 6254,M 10,,,,,
ngc_6256,gc_harris,,,,,NGC 6256,,,,,,
ngc_6266,gc_harris,,,,,NGC 6266,M 62,,,,,
ngc_6273,gc_harris,,,,,NGC 6273,M 19,,,,,
ngc_6284,gc_harris,,,,,NGC 6284,,,,,,
ngc_6287,gc_harris,,,,,NGC 6287,,,,,,
ngc_6293,gc_harris,,,,,NGC 6293,,,,,,
ngc_6304,gc_harris,,,,,NGC 6304,,,,,,
ngc_6316,gc_harris,,,,,NGC 6316,,,,,,
ngc_6325,gc_harris,,,,,NGC 6325,,,,,,
ngc_6333,gc_harris,,,,,NGC 6333,M9 ,,,,,
ngc_6341,gc_harris,,,,,NGC 6341,M92,,,,,
ngc_6342,gc_harris,,,,,NGC 6342,,,,,,
ngc_6352,gc_harris,,,,,NGC 6352,,,,,,
ngc_6355,gc_harris,,,,,NGC 6355,,,,,,
ngc_6356,gc_harris,,,,,NGC 6356,,,,,,
ngc_6362,gc_harris,,,,,NGC 6362,,,,,,
ngc_6366,gc_harris,,,,,NGC 6366,,,,,,
ngc_6380,gc_harris,,,,,NGC 6380,Ton 1,,,,,
ngc_6388,gc_harris,,,,,NGC 6388,,,,,,
ngc_6397,gc_harris,,,,,NGC 6397,,,,,,
ngc_6401,gc_harris,,,,,NGC 6401,MWSC 2653,,,,,
ngc_6402,gc_harris,,,,,NGC 6402,M 14,,,,,
ngc_6426,gc_harris,,,,,NGC 6426,,,,,,
ngc_6440,gc_harris,,,,,NGC 6440,,,,,,
ngc_6441,gc_harris,,,,,NGC 6441,,,,,,
ngc_6453,gc_harris,,,,,NGC 6453,,,,,,
ngc_6496,gc_harris,,,,,NGC 6496,,,,,,
ngc_6517,gc_harris,,,,,NGC 6517,,,,,,
ngc_6522,gc_harris,,,,,NGC 6522,,,,,,
ngc_6528,gc_harris,,,,,NGC 6528,,,,,,
ngc_6535,gc_harris,,,,,NGC 6535,,,,,,
ngc_6539,gc_harris,,,,,NGC 6539,,,,,,
ngc_6540,gc_harris,,,,,NGC 6540,Djorg 3,MWSC 2804,,,,
ngc_6541,gc_harris,,,,,NGC 6541,,,,,,
ngc_6544,gc_harris,,,,,NGC 6544,,,,,,
ngc_6553,gc_harris,,,,,NGC 6553,,,,,,
ngc_6558,gc_harris,,,,,NGC 6558,,,,,,
ngc_6569,gc_harris,,,,,NGC 6569,ESO 456-77,,,,,
ngc_6584,gc_harris,,,,,NGC 6584,,,,,,
ngc_6624,gc_harris,,,,,NGC 6624,,,,,,
ngc_6626,gc_harris,,,,,NGC 6626,M 28,,,,,
ngc_6637,gc_harris,,,,,NGC 6637,M 69,,,,,
ngc_6638,gc_harris,,,,,NGC 6638,Gcl 95,,,,,
ngc_6642,gc_harris,,,,,NGC 6642,MWSC 2941,,,,,
ngc_6652,gc_harris,,,,,NCG 6652,,,,,,
ngc_6656,gc_harris,,,,,NGC 6656,M 22,,,,,
ngc_6681,gc_harris,,,,,NGC 6681,M 70,,,,,
ngc_6712,gc_harris,,,,,NGC 6712,,,,,,
ngc_6715,gc_harris,,,,,NGC 6715,M 54,,,,,
ngc_6717,gc_harris,,,,,NGC 6717,Palomar 9,,,,,
ngc_6723,gc_harris,,,,,NGC 6723,,,,,,
ngc_6749,gc_harris,,,,,NGC 6749,,,,,,
ngc_6752,gc_harris,,,,,NGC 6752,,,,,,
ngc_6760,gc_harris,,,,,NGC 6760,,,,,,
ngc_6779,gc_harris,,,,,NGC 6779,M 56,,,,,
ngc_6809,gc_harris,,,,,NGC 6809,M 55,,,,,
ngc_6838,gc_harris,,,,,NGC 6838,M 71,,,,,
ngc_6864,gc_harris,,,,,NGC 6864,M 75,,,,,
ngc_6934,gc_harris,,,,,NGC 6934,,,,,,
ngc_6981,gc_harris,,,,,NGC 6981,M 72,,,,,
ngc_7006,gc_harris,,,,,NGC 7006,,,,,,
ngc_7078,gc_harris,,,,,NGC 7078,M 15,,,,,
ngc_7089,gc_harris,,,,,NGC 7089,M 2,,,,,
ngc_7099,gc_harris,,,,,NGC 7099,M 30,,,,,
ngc_7492,gc_harris,,,,,NGC 7492,,,,,,
palomar_1,gc_harris,,,,,Palomar 1,,,,,,
palomar_10,gc_harris,,,,,Palomar 10,,,,,,
palomar_11,gc_harris,,,,,Palomar 11,,,,,,
palomar_12,gc_harris,,,,,Palomar 12,,,,,,
palomar_13,gc_harris,,,,,Palomar 13,,,,,,
palomar_14,gc_harris,,,,,Palomar 14,,,,,,
palomar_15,gc_harris,,,,,Palomar 15,,,,,,
palomar_2,gc_harris,,,,,Palomar 2,,,,,,
palomar_3,gc_harris,,,,,Palomar 3,,,,,,
palomar_4,gc_harris,,,,,Palomar 4,,,,,,
palomar_5,gc_harris,,,,,Palomar 5,,,,,,
palomar_6,gc_harris,,,,,Palomar 6,ESO 520-21,,,,,
palomar_8,gc_harris,,,,,Pal_8,,,,,,
pyxis_1,gc_harris,1995,Weinberger1995PASP..107...58W,DaCosta1995PASP..107..937D,Irwin1995ApJ...453L..21I,Pyxis,C J0907-372 ,,,,,
rup106,gc_harris,,,,,Rup 106,,,,,,
terzan_1,gc_harris,,,,,Terzan 1,HP2,ESO 455-23,Haute-Provence 2,MWSC 2635,,
terzan_10,gc_harris,,,,,Terzan 10,ESO 521-16,MWSC 2793,,,,
terzan_12,gc_harris,,,,,Terzan 12,ESO 522-1,MWSC 2838,,,,
terzan_2,gc_harris,,,,,Terzan 2,HP 3,ESO 454-29,MWSC 2600,Haute-Provence 3,BH 228,
terzan_3,gc_harris,,,,,Terzan 3,,,,,,
terzan_4,gc_harris,,,,,Terzan 4,HP 4,Gcl 66.1,,,,
terzan_5,gc_harris,,,,,Terzan_5_11,,,,,,
terzan_6,gc_harris,,,,,Terzan 6,HP 5,ESO 455-49,Haute-Provence 5,BH 249,MWSC 2719,
terzan_7,gc_harris,,,,,Terzan 7,,,,,,
terzan_8,gc_harris,,,,,Terzan 8,ESO 398-SC 021,,,,,
terzan_9,gc_harris,,,,,Terzan 9,Gcl 80.1,MWSC 2778,,,,
ton_2,gc_harris,1959,Pismis1959BOTT....2r..37P,,,Ton 2,ESO 333-16,Pismis 26,Tonantzintla 2,,,
uks_1,gc_harris,,,,,UKS 1,,,,,,
whiting_1,gc_harris,2002,Whiting2002ApJS..141..123W,,,Whiting 1,WHI B0200-03,,,,,
balbinot_1,gc_ufsc,2013,Balbinot2013ApJ...767..101B,,,Balbinot 1,,,,,,
bliss_1,gc_ufsc,2019,Mau2019ApJ...875..154M,,,BLISS 1,BLISS J0321+0438,,,,,
crater_1,gc_ufsc,2014,Belokurov2014MNRAS.441.2124B,Laevens2014ApJ...786L...3L,,Laevens 1,Crater I,PSO J174.0675-10.8774,Crater 1,,,
delve_1,gc_ufsc,2020,Mau2020ApJ...890..136M,DrlicaWagner2020ApJ...893...47D,,DELVE 1,,,,,,
delve_2,gc_ufsc,2020,Cerny2021ApJ...910...18C,,,DELVE 2,DELVE J0155-6815,,,,,
delve_3,gc_ufsc,2022,Cerny2023ApJ...953....1C,,,DELVE 3,DELVE J1921-6047,,,,,
delve_4,gc_ufsc,2022,Cerny2023ApJ...953....1C,,,DELVE 4,DELVE J1523+2723,,,,,
delve_5,gc_ufsc,2022,Cerny2023ApJ...953....1C,,,DELVE 5,DELVE J1448+1728,,,,,
delve_6,gc_ufsc,2023,Cerny2023arXiv230604690C,,,DELVE 6,,,,,,
des_1,gc_ufsc,2015,Luque2016MNRAS.458..603L,,,DES 1,,,,,,
des_3,gc_ufsc,2017,Luque2018MNRAS.478.2006L,,,DES 3,,,,,,
des_4,gc_ufsc,2018,Torrealba2019MNRAS.484.2181T,,,DES 4,,,,,,
des_5,gc_ufsc,2018,Torrealba2019MNRAS.484.2181T,,,DES 5,,,,,,
des_sag_1,gc_ufsc,2016,Luque2017MNRAS.468...97L,,,DES J0111-1341,DES 2,,,,,
des_sag_2,gc_ufsc,2016,Luque2017MNRAS.468...97L,,,DES J0225+0304,Cetus III,,,,,
draco_2,gc_ufsc,2015,Laevens2015ApJ...813...44L,,,Draco II,Laevens 5,,,,,
eridanus_3,gc_ufsc,2015,Bechtol2015ApJ...807...50B,Koposov2015ApJ...805..130K,,Eridanus III,DES J0222.7-5217,,,,,
gaia_1,gc_ufsc,2017,Koposov2017MNRAS.470.2702K,,,Gaia 1,,,,,,
gaia_2,gc_ufsc,2017,Koposov2017MNRAS.470.2702K,,,Gaia 2,,,,,,
gaia_3,gc_ufsc,2018,Torrealba2019MNRAS.484.2181T,,,Gaia 3,,,,,,
hsc_1,gc_ufsc,2019,Homma2019PASJ...71...94H,,,HSC 1,HSC J2217+0328,,,,,
kim_1,gc_ufsc,2014,Kim2015ApJ...799...73K,,,Kim 1,,,,,,
kim_2,gc_ufsc,2015,Kim2015ApJ...803...63K,Bechtol2015ApJ...807...50B,Koposov2015ApJ...805..130K,Kim 2,Indus I,Indus 1,DES J2108.8-5109,,,
kim_3,gc_ufsc,2016,Kim2016ApJ...820..119K,,,Kim 3,,,,,,
koposov_1,gc_ufsc,2007,Koposov2007ApJ...669..337K,,,Koposov 1,,,,,,
koposov_2,gc_ufsc,2007,Koposov2007ApJ...669..337K,,,Koposov 2,,,,,,
laevens_3,gc_ufsc,2015,Laevens2015ApJ...813...44L,,,Laevens 3,,,,,,
munoz_1,gc_ufsc,2012,Munoz2012ApJ...753L..15M,,,Munoz 1,,,,,,
ps1_1,gc_ufsc,2018,Torrealba2019MNRAS.484.2181T,,,PS1 1,Prestgard 64,,,,,
sagittarius_2,gc_ufsc,2015,Laevens2015ApJ...813...44L,,,Sagittarius II,Laevens 4,,,,,
segue_3,gc_ufsc,2010,Belokurov2010ApJ...712L.103B,,,Segue 3,,,,,,
smash_1,gc_ufsc,2016,Martin2016ApJ...830L..10M,,,SMASH 1,,,,,,
to_1,gc_ufsc,2018,Torrealba2019MNRAS.484.2181T,,,To 1,,,,,,
ymca_1,gc_ufsc,2021,Gatto2021RNAAS...5..159G,,,YMCA-1,,,,,,
A0952+69,local_field_distant,,,,,A0952+69,Arp's LOOP,PGC028759,,,,
AM0106-382,local_field_distant,,,,,AM0106-382,[KK98]011,PGC004055,PGC166061,,,
bedin_1,local_field_distant,2019,Bedin2019MNRAS.484L..54B,,,Bedin 1,,,,,,
BK3N,local_field_distant,1982,Boerngen1982AN....303..189B,,,BK3N,PGC028529,,,,,
BK5N,local_field_distant,1982,Boerngen1982AN....303..189B,,,BK5N,PGC029231,,,,,
BK6N,local_field_distant,1982,Boerngen1982AN....303..189B,,,BK6N,KK91,[KK98]091,PGC031286,,,
Cam_A,local_field_distant,,,,,CamA,KK41,[KK98]041,PGC166082,Camelopardalis A,,
Cam_B,local_field_distant,,,,,CamB,Camelopardalis B,KK44,[KK98]044,PGC166084,,
CenA-MM-Dw1,local_field_distant,2014,Crnojevic2014ApJ...795L..35C,,,CenA-MM-Dw1,,,,,,
CenA-MM-Dw10,local_field_distant,2016,Crnojevic2016ApJ...823...19C,,,CenA-MM-Dw10,,,,,,
CenA-MM-Dw11,local_field_distant,2016,Crnojevic2016ApJ...823...19C,,,CenA-MM-Dw11,,,,,,
CenA-MM-Dw2,local_field_distant,2014,Crnojevic2014ApJ...795L..35C,,,CenA-MM-Dw2,,,,,,
CenA-MM-Dw3,local_field_distant,2016,Crnojevic2016ApJ...823...19C,,,CenA-MM-Dw3,,,,,,
CenA-MM-Dw4,local_field_distant,2016,Crnojevic2016ApJ...823...19C,,,CenA-MM-Dw4,,,,,,
CenA-MM-Dw5,local_field_distant,2016,Crnojevic2016ApJ...823...19C,,,CenA-MM-Dw5,,,,,,
CenA-MM-Dw6,local_field_distant,2016,Crnojevic2016ApJ...823...19C,,,CenA-MM-Dw6,,,,,,
CenA-MM-Dw7,local_field_distant,2016,Crnojevic2016ApJ...823...19C,,,CenA-MM-Dw7,,,,,,
CenA-MM-Dw8,local_field_distant,2016,Crnojevic2016ApJ...823...19C,,,CenA-MM-Dw8,,,,,,
CenA-MM-Dw9,local_field_distant,2016,Crnojevic2016ApJ...823...19C,,,CenA-MM-Dw9,,,,,,
d0926+70,local_field_distant,2008,Chiboucas2009AJ....137.3009C,,,d0926+70,,,,,,
d0934+70,local_field_distant,2008,Chiboucas2009AJ....137.3009C,,,d0934+70,,,,,,
d0939+71,local_field_distant,2008,Chiboucas2009AJ....137.3009C,,,d0939+71,,,,,,
d0944+69,local_field_distant,2008,Chiboucas2009AJ....137.3009C,,,d0944+69,,,,,,
d0944+71,local_field_distant,2008,Chiboucas2009AJ....137.3009C,,,d0944+71,,,,,,
d0955+70,local_field_distant,2008,Chiboucas2009AJ....137.3009C,,,d0955+70,,,,,,
d0958+66,local_field_distant,2008,Chiboucas2009AJ....137.3009C,,,d0958+66,KUG 0945+670,PGC 28826,,,,
d0959+68,local_field_distant,2008,Chiboucas2009AJ....137.3009C,,,d0959+68,,,,,,
d1005+68,local_field_distant,2017,Smercina2017ApJ...843L...6S,,,d1005+68,,,,,,
d1006+67,local_field_distant,2008,Chiboucas2009AJ....137.3009C,,,d1006+67,,,,,,
d1006+69,local_field_distant,2019,Okamoto2019ApJ...884..128O,,,d1006+69,,,,,,
d1009+68,local_field_distant,2019,Okamoto2019ApJ...884..128O,,,d1009+68,,,,,,
d1012+64,local_field_distant,2008,Chiboucas2009AJ....137.3009C,,,d1012+64,UGC 5497,PGC 29735,,,,
d1014+68,local_field_distant,2008,Chiboucas2009AJ....137.3009C,,,d1014+68,,,,,,
d1015+69,local_field_distant,2008,Chiboucas2009AJ....137.3009C,,,d1015+69,,,,,,
d1028+70,local_field_distant,2008,Chiboucas2009AJ....137.3009C,,,d1028+70,,,,,,
d1041+70,local_field_distant,2008,Chiboucas2009AJ....137.3009C,,,d1041+70,,,,,,
DDO_006,local_field_distant,,,,,DDO 6,ESO540-031,HIPASS J0049-20,MCG -04-03-019,PGC002902,UGCA015,
DDO_078,local_field_distant,,,,,DDO 78,PGC030664,KK089,[KK98]089,[RC2]A1022+67,DDO078,
DDO_082,local_field_distant,,,,,DDO 82,CGCG 333-035,PGC030997,UGC05692,CGCG 333-035,,
DDO_161,local_field_distant,,,,,DDO 161,HIPASS J1303-17B,MCG -03-33-030,PGC045084,RFGC2449,UGCA320,
DDO_226,local_field_distant,,,,,DDO 226,ESO474-018,HIPASS J0043-22,IC1574,PGC002578,UGCA009,MCG -04-02-043
Donatiello_I,local_field_distant,2018,MartinezDelgado2018A&A...620A.126M,,,Donatiello I,,,,,,
Donatiello_III,local_field_distant,2021,MartinezDelgado2021A&A...652A..48M,,,Donatiello III,,,,,,
Donatiello_IV,local_field_distant,2021,MartinezDelgado2021A&A...652A..48M,,,Donatiello IV,,,,,,
dw0910+7326,local_field_distant,,,,,,,,,,,
dw1046+1244,local_field_distant,2023,Muller2023A&A...673A.160M,,,dw1046+1244,,,,,,
dw1322-39,local_field_distant,,,,,,,,,,,
dw1323-40,local_field_distant,,,,,,dw1323-40a,,,,,
dw1323-40b,local_field_distant,,,,,,,,,,,
dw1329-45,local_field_distant,,,,,,,,,,,
dw1335-29,local_field_distant,,,,,,,,,,,
dw1336-44,local_field_distant,,,,,,,,,,,
dw1340-30,local_field_distant,,,,,,,,,,,
dw1341-43,local_field_distant,,,,,,,,,,,
dw1342-43,local_field_distant,,,,,,,,,,,
ESO_199-007,local_field_distant,,,,,ESO 199-007,PGC011211,,,,,
ESO_245-005,local_field_distant,,,,,ESO 245-005,HIPASS J0145-43,MCG -07-04-032,PGC006430,,,
ESO_269-066,local_field_distant,,,,,ESO 269-066,KK190,[KK98]190,PGC045916,,,
ESO_270-017,local_field_distant,,,,,,,,,,,
ESO_324-024,local_field_distant,,,,,,,,,,,
ESO_325-011,local_field_distant,,,,,,,,,,,
ESO_349-031,local_field_distant,,,,,ESO 349-031,HIPASS J0008-34,PGC000621,Sculptor DWARF Irregular,SDIG,,
ESO_540-032,local_field_distant,,,,,ESO 540-G032,ESO 540-032,,,,,
ESO_540-G030,local_field_distant,,,,,ESO 540-G030,,,,,,
ESO300-016,local_field_distant,,,,,ESO 300-016,PGC011842,,,,,
ESO553-046,local_field_distant,,,,,ESO 553-046,PGC017302,,,,,
F8D1,local_field_distant,1997,Caldwell1998AJ....115..535C,,,F8D1,,,,,,
FM1,local_field_distant,2000,Froebrich2000A&AS..145..229F,,,FM1,[FM2000]1,PGC3097828,F06D1,,,
GALFA_Dw3,local_field_distant,,,,,,,,,,,
GALFA_Dw4,local_field_distant,,,,,,,,,,,
Garland,local_field_distant,,,,,Garland,PGC029167,PGC3085868,,,,
HIPASS_J1131-31,local_field_distant,,,,,,,,,,,
HolmI,local_field_distant,,,,,,,,,,,
HolmIX,local_field_distant,,,,,Holmberg IX,DDO066,HIJASS J0957+69 NED01,MAILYAN 048,MCG +12-10-012,PGC028757,UGC05336
HS117,local_field_distant,,,,,HS117,[HS98]117,,,,,
IC_342,local_field_distant,,,,,,,,,,,
IKN,local_field_distant,,,,,,,,,,,
KDG_2,local_field_distant,,,,,KDG 2,ESO 540-G030,,,,,
KDG_61,local_field_distant,,,,,,,,,,,
KDG_63,local_field_distant,,,,,KDG 63,DDO071,KK83,[KK98]083,MAILYAN 049,PGC029257,UGC05428
KDG_64,local_field_distant,,,,,,,,,,,
KK_035,local_field_distant,,,,,,,,,,,
KK_077,local_field_distant,,,,,KK 77,[KK98]077,PGC166101,,,,
KK_135,local_field_distant,,,,,KK 135,[KK98]135,PGC166130,,,,
KK_176,local_field_distant,,,,,,,,,,,
KK_189,local_field_distant,,,,,,,,,,,
KK_196,local_field_distant,,,,,,,,,,,
KK_197,local_field_distant,,,,,KK 197,SGC1319.1-4216,,,,,
KK_203,local_field_distant,,,,,,,,,,,
KK_211,local_field_distant,,,,,KK 211,AM1339-445,[KK98]211,PGC048515,,,
KK_213,local_field_distant,,,,,,,,,,,
KK_221,local_field_distant,,,,,KK 221,[KK98]221,PGC166179,,,,
KK_242,local_field_distant,,,,,KK 242,NGC6503-d1,PGC 4689184,,,,
KK2000_55,local_field_distant,,,,,,[KK2000]55,KKs55,,,,
KK2000_57,local_field_distant,,,,,,[KK2000]57,KKs57,,,,
KKH_22,local_field_distant,2001,Karachentsev2001A&A...366..428K,,,KKH 22,PGC2807114,LEDA 2807114,,,,
KKH_34,local_field_distant,2001,Karachentsev2001A&A...366..428K,,,KKH 34,PGC 095594,,,,,
KKs_54,local_field_distant,,,,,KKs 54,Cen A-dE2,,,,,
KKs_58,local_field_distant,,,,,KKs 58,Cen A-dE3,,,,,
KKSG_30,local_field_distant,,,,,,,,,,,
LV_J1157+5638,local_field_distant,,,,,LV J1157+5638,,,,,,
LV_J1157+5638_sat,local_field_distant,2017,Makarova2018MNRAS.474.3221M,,,LV J1157+5638 sat,,,,,,
LV_J1228+4358,local_field_distant,,,,,,,,,,,
M101_DF1,local_field_distant,,,,,,,,,,,
M101_DF2,local_field_distant,,,,,,,,,,,
M101_DF3,local_field_distant,,,,,,,,,,,
M101_Dw9,local_field_distant,,,,,,,,,,,
M101_DwA,local_field_distant,,,,,,,,,,,
M81-dw_J0954+6821,local_field_distant,2022,Bell2022ApJ...937L...3B,,,M81-dw J0954+6821,,,,,,
M94-Dw1,local_field_distant,2017,Muller2017A&A...602A.119M,Smercina2018ApJ...863..152S,,M94-Dw1,dw1255+40,,,,,
M94-Dw2,local_field_distant,2018,Smercina2018ApJ...863..152S,,,M94-Dw2,,,,,,
madcash-1,local_field_distant,2016,Carlin2016ApJ...828L...5C,Carlin2021ApJ...909..211C,,MADCASH-1,MADCASH J074238+652501-dw,,,,,
madcash-2,local_field_distant,2020,Carlin2021ApJ...909..211C,,,MADCASH-2,MADCASH J121007+352635-dw,,,,,
NGC_0059,local_field_distant,,,,,,,,,,,
NGC_0247,local_field_distant,,,,,,,,,,,
NGC_0625,local_field_distant,,,,,,,,,,,
NGC_1560,local_field_distant,,,,,NGC 1560,PGC015488,UGC03060,FGC0071A,,,
NGC_1569,local_field_distant,,,,,,,,,,,
NGC_2683_dw1,local_field_distant,,,,,,,,,,,
NGC_5001C,local_field_distant,,,,,,,,,,,
NGC_5068,local_field_distant,,,,,,,,,,,
NGC_5237,local_field_distant,,,,,,,,,,,
NGC_5474,local_field_distant,,,,,,,,,,,
NGC_5477,local_field_distant,,,,,,,,,,,
NGC_628_dwA,local_field_distant,2020,Davis2021MNRAS.500.3854D,,,NGC 628 dwA,,,,,,
NGC_628_dwB,local_field_distant,2020,Davis2021MNRAS.500.3854D,,,NGC 628 dwB,,,,,,
NGC_891_dwA,local_field_distant,,,,,,,,,,,
PGC_6430,local_field_distant,,,,,ESO245-005,HIPASS J0145-43,MCG -07-04-032,PGC006430,HIPASSJ0145-43,,
PGC_704814,local_field_distant,,,,,PGC 704814,2DFGRS-S431Z,,,,,
Pisces_A,local_field_distant,2014,Tollerud2015ApJ...798L..21T,,,Pisces A,,,,,,
Pisces_B,local_field_distant,2014,Tollerud2015ApJ...798L..21T,,,Pisces B,,,,,,
scl-dE1,local_field_distant,,,,,Scl-dE1,Sc22,PGC3097727,Sculptor-dE1,,,
Scl-MM-dw1,local_field_distant,2014,Sand2014ApJ...793L...7S,,,Scl-MM-Dw1,,,,,,
Scl-MM-dw2,local_field_distant,2015,Toloba2016ApJ...816L...5T,Romanowsky2016MNRAS.457L.103R,,Scl-MM-Dw2,NGC 253-dw2,,,,,
Scl-MM-dw3,local_field_distant,2021,MartinezDelgado2021A&A...652A..48M,MutluPakdil2022ApJ...926...77M,,Scl-MM-Dw3,Donatiello II,,,,,
Scl-MM-dw4,local_field_distant,2021,MutluPakdil2022ApJ...926...77M,,,Scl-MM-Dw4,,,,,,
Scl-MM-dw5,local_field_distant,2021,MutluPakdil2022ApJ...926...77M,,,Scl-MM-Dw5,,,,,,
Sculptor_SR,local_field_distant,,,,,Sculptor SR,GALEXASC J003351.79-275024.4,,,,,
UGC_1703,local_field_distant,,,,,UGC 1703,,,,,,
UGC_8837,local_field_distant,,,,,UGC 8837,Holmberg IV,,,,,
UGC_9405,local_field_distant,,,,,,,,,,,
UGCA_127_sat,local_field_distant,,,,,,,,,,,
UGCA_307,local_field_distant,,,,,,,,,,,
UGCA_319,local_field_distant,,,,,,,,,,,
UGCA_442,local_field_distant,,,,,,,,,,,
UGCA_92,local_field_distant,,,,,,,,,,,
WOC2017-07,local_field_distant,,,,,,GALEXASC J005501.01−231008.9,LV J0055−2310,,,,
camargo_1102,misc,2018,Camargo2018ApJ...860L..27C,,,,,,,,,
camargo_1104,misc,2018,Camargo2018ApJ...860L..27C,,,,,,,,,
camargo_1105,misc,2018,Camargo2018ApJ...860L..27C,,,,,,,,,
camargo_1107,misc,2019,Camargo2019MNRAS.484L..90C,,,,,,,,,
camargo_1108,misc,2019,Camargo2019MNRAS.484L..90C,,,,,,,,,
camargo_1109,misc,2019,Camargo2019MNRAS.484L..90C,,,,,,,,,
hydra_1,misc,2011,Grillmair2011ApJ...738...98G,,,Hydra I,,,,,,
smcnod,misc,2017,Pieres2017MNRAS.468.1349P,,,SMCNOD,,,,,,